Workbook

Sheet Resumen
A1: Plan de Pruebas Manuales — TaskFlow
A2: Generado el 2026-09-22 — trazado a docs/PRD-TaskFlow-Completo.md y docs/analisis-diseño.md
A4: Total de casos | B4: Pendientes | C4: Aprobados | D4: Fallidos | E4: Bloqueados | F4: % completado
A5: =COUNTA('Casos de Prueba'!A5:A9999) | B5: =COUNTIF('Casos de Prueba'!L:L,"Pendiente") | C5: =COUNTIF('Casos de Prueba'!L:L,"Aprobado") | D5: =COUNTIF('Casos de Prueba'!L:L,"Fallido") | E5: =COUNTIF('Casos de Prueba'!L:L,"Bloqueado") | F5: =(C5+D5)/A5
A7: Conteo por módulo
A8: Módulo | B8: Nº casos | C8: Aprobados | D8: Fallidos | E8: Pendientes | F8: Bloqueados
A9: Gestión de tareas — Crear | B9: =COUNTIF('Casos de Prueba'!B:B,"Gestión de tareas — Crear") | C9: =COUNTIFS('Casos de Prueba'!B:B,"Gestión de tareas — Crear",'Casos de Prueba'!L:L,"Aprobado") | D9: =COUNTIFS('Casos de Prueba'!B:B,"Gestión de tareas — Crear",'Casos de Prueba'!L:L,"Fallido") | E9: =COUNTIFS('Casos de Prueba'!B:B,"Gestión de tareas — Crear",'Casos de Prueba'!L:L,"Pendiente") | F9: =COUNTIFS('Casos de Prueba'!B:B,"Gestión de tareas — Crear",'Casos de Prueba'!L:L,"Bloqueado")
A10: Gestión de tareas — Editar | B10: =COUNTIF('Casos de Prueba'!B:B,"Gestión de tareas — Editar") | C10: =COUNTIFS('Casos de Prueba'!B:B,"Gestión de tareas — Editar",'Casos de Prueba'!L:L,"Aprobado") | D10: =COUNTIFS('Casos de Prueba'!B:B,"Gestión de tareas — Editar",'Casos de Prueba'!L:L,"Fallido") | E10: =COUNTIFS('Casos de Prueba'!B:B,"Gestión de tareas — Editar",'Casos de Prueba'!L:L,"Pendiente") | F10: =COUNTIFS('Casos de Prueba'!B:B,"Gestión de tareas — Editar",'Casos de Prueba'!L:L,"Bloqueado")
A11: Gestión de tareas — Completar y reabrir | B11: =COUNTIF('Casos de Prueba'!B:B,"Gestión de tareas — Completar y reabrir") | C11: =COUNTIFS('Casos de Prueba'!B:B,"Gestión de tareas — Completar y reabrir",'Casos de Prueba'!L:L,"Aprobado") | D11: =COUNTIFS('Casos de Prueba'!B:B,"Gestión de tareas — Completar y reabrir",'Casos de Prueba'!L:L,"Fallido") | E11: =COUNTIFS('Casos de Prueba'!B:B,"Gestión de tareas — Completar y reabrir",'Casos de Prueba'!L:L,"Pendiente") | F11: =COUNTIFS('Casos de Prueba'!B:B,"Gestión de tareas — Completar y reabrir",'Casos de Prueba'!L:L,"Bloqueado")
A12: Gestión de tareas — Eliminar | B12: =COUNTIF('Casos de Prueba'!B:B,"Gestión de tareas — Eliminar") | C12: =COUNTIFS('Casos de Prueba'!B:B,"Gestión de tareas — Eliminar",'Casos de Prueba'!L:L,"Aprobado") | D12: =COUNTIFS('Casos de Prueba'!B:B,"Gestión de tareas — Eliminar",'Casos de Prueba'!L:L,"Fallido") | E12: =COUNTIFS('Casos de Prueba'!B:B,"Gestión de tareas — Eliminar",'Casos de Prueba'!L:L,"Pendiente") | F12: =COUNTIFS('Casos de Prueba'!B:B,"Gestión de tareas — Eliminar",'Casos de Prueba'!L:L,"Bloqueado")
A13: Organización — Prioridad, categoría y vencimiento | B13: =COUNTIF('Casos de Prueba'!B:B,"Organización — Prioridad, categoría y vencimiento") | C13: =COUNTIFS('Casos de Prueba'!B:B,"Organización — Prioridad, categoría y vencimiento",'Casos de Prueba'!L:L,"Aprobado") | D13: =COUNTIFS('Casos de Prueba'!B:B,"Organización — Prioridad, categoría y vencimiento",'Casos de Prueba'!L:L,"Fallido") | E13: =COUNTIFS('Casos de Prueba'!B:B,"Organización — Prioridad, categoría y vencimiento",'Casos de Prueba'!L:L,"Pendiente") | F13: =COUNTIFS('Casos de Prueba'!B:B,"Organización — Prioridad, categoría y vencimiento",'Casos de Prueba'!L:L,"Bloqueado")
A14: Búsqueda y filtros | B14: =COUNTIF('Casos de Prueba'!B:B,"Búsqueda y filtros") | C14: =COUNTIFS('Casos de Prueba'!B:B,"Búsqueda y filtros",'Casos de Prueba'!L:L,"Aprobado") | D14: =COUNTIFS('Casos de Prueba'!B:B,"Búsqueda y filtros",'Casos de Prueba'!L:L,"Fallido") | E14: =COUNTIFS('Casos de Prueba'!B:B,"Búsqueda y filtros",'Casos de Prueba'!L:L,"Pendiente") | F14: =COUNTIFS('Casos de Prueba'!B:B,"Búsqueda y filtros",'Casos de Prueba'!L:L,"Bloqueado")
A15: Usuarios — Catálogo y asignación | B15: =COUNTIF('Casos de Prueba'!B:B,"Usuarios — Catálogo y asignación") | C15: =COUNTIFS('Casos de Prueba'!B:B,"Usuarios — Catálogo y asignación",'Casos de Prueba'!L:L,"Aprobado") | D15: =COUNTIFS('Casos de Prueba'!B:B,"Usuarios — Catálogo y asignación",'Casos de Prueba'!L:L,"Fallido") | E15: =COUNTIFS('Casos de Prueba'!B:B,"Usuarios — Catálogo y asignación",'Casos de Prueba'!L:L,"Pendiente") | F15: =COUNTIFS('Casos de Prueba'!B:B,"Usuarios — Catálogo y asignación",'Casos de Prueba'!L:L,"Bloqueado")
A16: Transversal — UX y accesibilidad | B16: =COUNTIF('Casos de Prueba'!B:B,"Transversal — UX y accesibilidad") | C16: =COUNTIFS('Casos de Prueba'!B:B,"Transversal — UX y accesibilidad",'Casos de Prueba'!L:L,"Aprobado") | D16: =COUNTIFS('Casos de Prueba'!B:B,"Transversal — UX y accesibilidad",'Casos de Prueba'!L:L,"Fallido") | E16: =COUNTIFS('Casos de Prueba'!B:B,"Transversal — UX y accesibilidad",'Casos de Prueba'!L:L,"Pendiente") | F16: =COUNTIFS('Casos de Prueba'!B:B,"Transversal — UX y accesibilidad",'Casos de Prueba'!L:L,"Bloqueado")
A18: Estado — Pendiente: gris | Aprobado: verde | Fallido: rojo | Bloqueado: naranja | No aplica: gris claro. Prioridad — Alta: rojo | Media: naranja | Baja: gris. Cada caso ocupa una fila por paso; las columnas de caso (ID, módulo, prioridad, tipo, estado...) están fusionadas verticalmente.

Sheet Casos de Prueba
A1: Plan de Pruebas Manuales — TaskFlow
A2: Cada conjunto de pruebas ocupa una fila por paso. Marcar el Estado (una vez por caso) tras ejecutar todos sus pasos: Pendiente, Aprobado, Fallido, Bloqueado o No aplica.
A4: ID Caso | B4: Módulo | C4: Historia / Requisito | D4: Escenario | E4: Precondiciones | F4: Nº Paso | G4: Acción | H4: Datos de prueba | I4: Resultado esperado | J4: Prioridad | K4: Tipo | L4: Estado | M4: Observaciones | N4: Probado por | O4: Fecha
A5: Gestión de tareas — Crear
A6: TC-GDTC-001 | B6: Gestión de tareas — Crear | C6: HU-001 / RF-001 | D6: Crear tarea solo con título obligatorio | E6: La aplicación está abierta con la lista de tareas visible. | F6: 1 | G6: Abrir el formulario de nueva tarea. | H6: — | I6: El formulario se muestra con el campo título vacío, listo para escribir. | J6: Alta | K6: Funcional | L6: Pendiente
F7: 2 | G7: Escribir el título sin rellenar el resto de campos. | H7: Título: 'Revisar informe mensual' | I7: El campo título muestra el texto introducido; el formulario permite guardar sin el resto de campos.
F8: 3 | G8: Guardar la tarea. | H8: — | I8: La tarea se crea, aparece inmediatamente en la lista sin recargar la página y sigue presente tras refrescar (persistida en SQLite).
A9: TC-GDTC-002 | B9: Gestión de tareas — Crear | C9: HU-001 / RF-001 | D9: Crear tarea con todos los campos | E9: La aplicación está abierta con la lista de tareas visible. | F9: 1 | G9: Abrir el formulario de nueva tarea. | H9: — | I9: El formulario muestra todos los campos disponibles: título, descripción, prioridad, categoría, vencimiento y usuario asignado. | J9: Alta | K9: Funcional | L9: Pendiente
F10: 2 | G10: Rellenar título, descripción, prioridad, categoría, fecha de vencimiento y usuario asignado. | H10: Título: 'Preparar demo'; Prioridad: Alta; Categoría: 'Formación'; Vencimiento: fecha futura; Asignado: usuario existente | I10: Todos los campos aceptan y muestran los valores introducidos sin errores de validación.
F11: 3 | G11: Guardar la tarea. | H11: — | I11: La tarea se crea y aparece en la lista con las etiquetas visibles de prioridad, categoría, vencimiento y usuario asignado.
A12: TC-GDTC-003 | B12: Gestión de tareas — Crear | C12: HU-001 / RF-001 / RF-010 | D12: Intentar crear tarea sin título | E12: La aplicación está abierta con el formulario de nueva tarea. | F12: 1 | G12: Dejar el campo título vacío. | H12: Título: '' (vacío) | I12: El campo título aparece vacío; el resto de campos son opcionales. | J12: Alta | K12: Validación | L12: Pendiente
F13: 2 | G13: Intentar guardar sin escribir ningún título. | H13: — | I13: El formulario muestra un error de validación indicando que el título es obligatorio; no se crea la tarea ni se llama a la API.
A14: TC-GDTC-004 | B14: Gestión de tareas — Crear | C14: HU-001 / Reglas de negocio del modelo | D14: Intentar crear tarea con título solo espacios | E14: La aplicación está abierta con el formulario de nueva tarea. | F14: 1 | G14: Escribir únicamente espacios en el campo título. | H14: Título: ' ' | I14: El campo admite la entrada de espacios sin mostrar error inmediato. | J14: Media | K14: Validación | L14: Pendiente
F15: 2 | G15: Intentar guardar la tarea. | H15: — | I15: El formulario rechaza el título por considerarlo vacío (solo espacios); no se crea la tarea.
A16: Gestión de tareas — Editar
A17: TC-GDTE-001 | B17: Gestión de tareas — Editar | C17: HU-002 / RF-002 | D17: Editar todos los campos de una tarea existente | E17: Existe al menos una tarea creada. | F17: 1 | G17: Abrir una tarea existente para editar. | H17: — | I17: El formulario de edición se muestra precargado con los valores actuales de la tarea. | J17: Alta | K17: Funcional | L17: Pendiente
F18: 2 | G18: Cambiar título, descripción, prioridad, categoría, fecha de vencimiento y usuario asignado. | H18: Nuevos valores distintos a los originales en cada campo | I18: Cada campo modificado muestra el nuevo valor introducido sin errores de validación.
F19: 3 | G19: Guardar los cambios. | H19: — | I19: Los cambios se guardan, se reflejan inmediatamente en la lista y persisten tras recargar la página.
A20: TC-GDTE-002 | B20: Gestión de tareas — Editar | C20: HU-002 / RF-010 | D20: Editar tarea dejando el título vacío | E20: Existe al menos una tarea creada. | F20: 1 | G20: Abrir una tarea existente para editar. | H20: — | I20: El formulario muestra el título actual de la tarea. | J20: Alta | K20: Validación | L20: Pendiente
F21: 2 | G21: Borrar completamente el contenido del campo título. | H21: Título: '' (vacío) | I21: El campo título queda vacío.
F22: 3 | G22: Intentar guardar los cambios. | H22: — | I22: El formulario muestra un error de validación y no guarda el cambio; la tarea conserva su título anterior al recargar.
A23: TC-GDTE-003 | B23: Gestión de tareas — Editar | C23: RF-002 | D23: Editar tarea con Id inexistente (acceso directo) | E23: Se conoce un Id de tarea que no existe (por ejemplo, uno ya eliminado). | F23: 1 | G23: Intentar consultar o editar una tarea usando un Id que no existe (por API o navegación directa). | H23: Id inexistente, p. ej. 999999 | I23: La operación no permite cargar datos de una tarea inexistente. | J23: Media | K23: Negativo | L23: Pendiente
F24: 2 | G24: Comprobar la respuesta de la aplicación/API. | H24: — | I24: La API devuelve 404 y la interfaz muestra un mensaje de 'tarea no encontrada' sin romper la aplicación.
A25: Gestión de tareas — Completar y reabrir
A26: TC-GDTC-001 | B26: Gestión de tareas — Completar y reabrir | C26: HU-003 / RF-004 | D26: Marcar una tarea pendiente como completada | E26: Existe una tarea pendiente. | F26: 1 | G26: Localizar una tarea pendiente en la lista. | H26: — | I26: La tarea se muestra con estado pendiente y la acción de completar disponible. | J26: Alta | K26: Funcional | L26: Pendiente
F27: 2 | G27: Marcar la tarea como completada. | H27: — | I27: El estado cambia a completado, la tarea se muestra tachada/con menor contraste y el cambio persiste tras recargar.
A28: TC-GDTC-002 | B28: Gestión de tareas — Completar y reabrir | C28: HU-004 / RF-005 | D28: Reabrir una tarea completada | E28: Existe una tarea completada. | F28: 1 | G28: Localizar una tarea completada. | H28: — | I28: La tarea se muestra tachada/con menor contraste y con la acción de reabrir disponible. | J28: Alta | K28: Funcional | L28: Pendiente
F29: 2 | G29: Reabrir la tarea. | H29: — | I29: El estado vuelve a pendiente, la tarea deja de mostrarse tachada y el cambio persiste tras recargar.
A30: TC-GDTC-003 | B30: Gestión de tareas — Completar y reabrir | C30: HU-003 | D30: Completar una tarea ya completada | E30: Existe una tarea ya marcada como completada. | F30: 1 | G30: Localizar una tarea ya marcada como completada. | H30: — | I30: La tarea se muestra como completada. | J30: Baja | K30: Negativo | L30: Pendiente
F31: 2 | G31: Intentar volver a marcarla como completada. | H31: — | I31: La operación no produce error visible ni duplica el efecto; la tarea permanece completada.
A32: Gestión de tareas — Eliminar
A33: TC-GDTE-001 | B33: Gestión de tareas — Eliminar | C33: HU-005 / RF-003 | D33: Eliminar una tarea con confirmación | E33: Existe al menos una tarea creada. | F33: 1 | G33: Pulsar eliminar sobre una tarea. | H33: — | I33: La aplicación muestra un diálogo de confirmación antes de eliminar. | J33: Alta | K33: Funcional | L33: Pendiente
F34: 2 | G34: Confirmar la eliminación en el diálogo. | H34: — | I34: La tarea desaparece de la lista y de la base de datos; no reaparece al recargar.
A35: TC-GDTE-002 | B35: Gestión de tareas — Eliminar | C35: HU-005 / RF-003 | D35: Cancelar la eliminación de una tarea | E35: Existe al menos una tarea creada. | F35: 1 | G35: Pulsar eliminar sobre una tarea. | H35: — | I35: Se muestra el diálogo de confirmación de eliminación. | J35: Media | K35: Funcional | L35: Pendiente
F36: 2 | G36: Cancelar el diálogo de confirmación. | H36: — | I36: La tarea NO se elimina y sigue visible en la lista tal cual estaba.
A37: TC-GDTE-003 | B37: Gestión de tareas — Eliminar | C37: RF-003 | D37: Eliminar tarea con Id inexistente | E37: Se conoce un Id de tarea que ya no existe. | F37: 1 | G37: Intentar eliminar una tarea con un Id inexistente (vía API o repitiendo el borrado dos veces rápido). | H37: Id inexistente | I37: La operación se envía contra un recurso que ya no existe. | J37: Baja | K37: Negativo | L37: Pendiente
F38: 2 | G38: Comprobar la respuesta. | H38: — | I38: La API devuelve 404 y la interfaz no rompe ni muestra un error genérico no controlado.
A39: Organización — Prioridad, categoría y vencimiento
A40: TC-OPCY-001 | B40: Organización — Prioridad, categoría y vencimiento | C40: Alcance V1 — Organización | D40: Asignar cada nivel de prioridad | E40: Existe al menos una tarea. | F40: 1 | G40: Editar una tarea y asignar prioridad Baja, guardar. | H40: Prioridad: Low | I40: El cambio se guarda y la etiqueta de prioridad Baja se muestra correctamente. | J40: Media | K40: Funcional | L40: Pendiente
F41: 2 | G41: Editar la misma tarea y asignar prioridad Media, guardar. | H41: Prioridad: Medium | I41: El cambio se guarda y la etiqueta de prioridad Media se muestra correctamente.
F42: 3 | G42: Editar la misma tarea y asignar prioridad Alta, guardar. | H42: Prioridad: High | I42: El cambio se guarda y la etiqueta de prioridad Alta se muestra correctamente.
A43: TC-OPCY-002 | B43: Organización — Prioridad, categoría y vencimiento | C43: Alcance V1 — Organización | D43: Crear y asignar una categoría personalizada | E43: Existe al menos una tarea. | F43: 1 | G43: Crear o editar una tarea. | H43: — | I43: El formulario permite escribir libremente una categoría. | J43: Media | K43: Funcional | L43: Pendiente
F44: 2 | G44: Escribir una categoría nueva no usada antes y guardar. | H44: Categoría: 'Formación interna' | I44: La tarea queda asociada a la categoría escrita.
F45: 3 | G45: Abrir el filtro de categoría. | H45: — | I45: La nueva categoría aparece disponible para filtrar junto con el resto.
A46: TC-OPCY-003 | B46: Organización — Prioridad, categoría y vencimiento | C46: Alcance V1 — Organización | D46: Establecer fecha de vencimiento y ver alerta de atraso | E46: Existe una tarea pendiente. | F46: 1 | G46: Editar la tarea y asignar una fecha de vencimiento en el pasado. | H46: Vencimiento: ayer | I46: El campo acepta la fecha pasada sin bloquear el guardado. | J46: Media | K46: Funcional | L46: Pendiente
F47: 2 | G47: Guardar los cambios. | H47: — | I47: La tarea muestra una alerta visual de vencimiento atrasado (color coral) sin romper el resto de la interfaz.
A48: TC-OPCY-004 | B48: Organización — Prioridad, categoría y vencimiento | C48: Alcance V1 — Organización | D48: Crear tarea sin fecha de vencimiento | E48: La aplicación está abierta con el formulario de nueva tarea. | F48: 1 | G48: Crear una tarea dejando el campo de vencimiento vacío. | H48: DueDate: (vacío) | I48: La tarea se crea correctamente sin fecha de vencimiento. | J48: Baja | K48: Funcional | L48: Pendiente
F49: 2 | G49: Comprobar la tarea en la lista. | H49: — | I49: La tarea aparece en la lista sin ninguna etiqueta de fecha ni alerta de vencimiento.
A50: Búsqueda y filtros
A51: TC-BYF-001 | B51: Búsqueda y filtros | C51: HU-007 / RF-006 | D51: Buscar por texto en el título | E51: Existen varias tareas con títulos distintos. | F51: 1 | G51: Escribir en el buscador un texto contenido en el título de una tarea. | H51: Texto: fragmento del título de una tarea existente | I51: La lista se actualiza inmediatamente y sin recargar, mostrando solo las tareas cuyo título contiene el texto. | J51: Alta | K51: Funcional | L51: Pendiente
F52: 2 | G52: Borrar el texto de búsqueda. | H52: — | I52: La lista vuelve a mostrar todas las tareas sin recargar la página.
A53: TC-BYF-002 | B53: Búsqueda y filtros | C53: HU-007 / RF-006 | D53: Buscar por texto contenido solo en la descripción | E53: Existe una tarea cuya descripción contiene una palabra que no está en el título. | F53: 1 | G53: Escribir en el buscador una palabra que solo aparece en la descripción de una tarea. | H53: Texto: palabra exclusiva de una descripción | I53: La tarea aparece en los resultados aunque el texto no esté en el título. | J53: Media | K53: Funcional | L53: Pendiente
F54: 2 | G54: Comprobar que las tareas sin esa palabra no aparecen en los resultados. | H54: — | I54: Solo se muestran las tareas cuya descripción o título contienen el texto buscado.
A55: TC-BYF-003 | B55: Búsqueda y filtros | C55: HU-006 / RF-007 | D55: Filtrar por estado (pendientes / completadas / todas) | E55: Existen tareas pendientes y completadas. | F55: 1 | G55: Seleccionar el filtro 'Pendientes'. | H55: — | I55: Solo se muestran las tareas pendientes. | J55: Alta | K55: Funcional | L55: Pendiente
F56: 2 | G56: Cambiar a 'Completadas'. | H56: — | I56: Solo se muestran las tareas completadas.
F57: 3 | G57: Cambiar a 'Todas'. | H57: — | I57: Se muestran tanto las tareas pendientes como las completadas.
A58: TC-BYF-004 | B58: Búsqueda y filtros | C58: HU-006 / RF-007 | D58: Filtrar por prioridad | E58: Existen tareas con distintas prioridades. | F58: 1 | G58: Aplicar el filtro de prioridad Alta. | H58: — | I58: Solo se muestran las tareas con prioridad Alta. | J58: Media | K58: Funcional | L58: Pendiente
F59: 2 | G59: Cambiar el filtro a Media. | H59: — | I59: Solo se muestran las tareas con prioridad Media.
F60: 3 | G60: Cambiar el filtro a Baja. | H60: — | I60: Solo se muestran las tareas con prioridad Baja.
A61: TC-BYF-005 | B61: Búsqueda y filtros | C61: HU-006 / RF-007 | D61: Filtrar por categoría | E61: Existen tareas con distintas categorías. | F61: 1 | G61: Aplicar el filtro por una categoría concreta existente. | H61: Categoría: una ya usada en alguna tarea | I61: Solo se muestran las tareas de esa categoría. | J61: Media | K61: Funcional | L61: Pendiente
F62: 2 | G62: Quitar el filtro de categoría. | H62: — | I62: Vuelven a mostrarse las tareas de todas las categorías.
A63: TC-BYF-006 | B63: Búsqueda y filtros | C63: HU-006 / HU-007 | D63: Combinar búsqueda de texto con filtros de estado, prioridad y categoría | E63: Existen tareas variadas en estado, prioridad y categoría. | F63: 1 | G63: Escribir un texto de búsqueda. | H63: — | I63: La lista se filtra por el texto introducido. | J63: Media | K63: Funcional | L63: Pendiente
F64: 2 | G64: Añadir un filtro de estado. | H64: — | I64: La lista respeta simultáneamente el texto y el filtro de estado.
F65: 3 | G65: Añadir un filtro de prioridad y/o categoría. | H65: Combinación de texto + filtros conocida | I65: El resultado final respeta todas las condiciones combinadas a la vez (texto Y filtros).
A66: TC-BYF-007 | B66: Búsqueda y filtros | C66: HU-006 / HU-007 | D66: Buscar/filtrar sin resultados | E66: La aplicación está abierta con tareas existentes. | F66: 1 | G66: Escribir un texto de búsqueda que no coincide con ninguna tarea. | H66: Texto: 'xyzxyz-no-existe' | I66: Se muestra un estado vacío útil (mensaje claro), no un error ni una pantalla en blanco. | J66: Media | K66: Funcional | L66: Pendiente
F67: 2 | G67: Borrar el texto de búsqueda. | H67: — | I67: La lista completa de tareas vuelve a mostrarse con normalidad.
A68: Usuarios — Catálogo y asignación
A69: TC-UCYA-001 | B69: Usuarios — Catálogo y asignación | C69: AppUser / analisis-diseño 4 | D69: Crear un usuario del catálogo | E69: La aplicación está abierta en la gestión de usuarios. | F69: 1 | G69: Abrir el gestor de usuarios. | H69: — | I69: Se muestra el catálogo de usuarios existentes y el formulario de alta. | J69: Media | K69: Funcional | L69: Pendiente
F70: 2 | G70: Crear un usuario con nombre, email y color. | H70: Name: 'Ana Pérez'; Email: 'ana.perez@example.com'; Color: '#2F6F62' | I70: El usuario se crea y aparece en el catálogo, disponible para asignar en el selector de tareas.
A71: TC-UCYA-002 | B71: Usuarios — Catálogo y asignación | C71: Reglas de negocio de la asignación (409) | D71: Crear usuario con email duplicado | E71: Ya existe un usuario con un email conocido. | F71: 1 | G71: Comprobar que ya existe un usuario con un email conocido. | H71: — | I71: El usuario existente aparece en el catálogo. | J71: Media | K71: Negativo | L71: Pendiente
F72: 2 | G72: Intentar crear un nuevo usuario usando ese mismo email. | H72: Email: el mismo de un usuario existente | I72: La API responde 409 Conflict y la interfaz muestra un aviso de email en uso; no se crea el duplicado.
A73: TC-UCYA-003 | B73: Usuarios — Catálogo y asignación | C73: Reglas de negocio de la asignación | D73: Crear usuario sin nombre o sin email | E73: La aplicación está abierta en la gestión de usuarios. | F73: 1 | G73: Intentar crear un usuario dejando el nombre vacío. | H73: Name: '' | I73: El formulario muestra un error de validación y no se crea el usuario. | J73: Media | K73: Validación | L73: Pendiente
F74: 2 | G74: Intentar crear un usuario dejando el email vacío. | H74: Email: '' | I74: El formulario muestra un error de validación y no se crea el usuario.
A75: TC-UCYA-004 | B75: Usuarios — Catálogo y asignación | C75: PATCH /api/tasks/{id}/assign | D75: Asignar una tarea a un usuario existente | E75: Existe una tarea y al menos un usuario en el catálogo. | F75: 1 | G75: Editar o asignar directamente una tarea. | H75: — | I75: El selector 'Asignada a' muestra el catálogo de usuarios disponibles. | J75: Media | K75: Funcional | L75: Pendiente
F76: 2 | G76: Seleccionar un usuario del catálogo y guardar. | H76: Usuario existente del catálogo | I76: La tarea muestra la insignia del usuario asignado (nombre/color) y el cambio persiste tras recargar.
A77: TC-UCYA-005 | B77: Usuarios — Catálogo y asignación | C77: PATCH /api/tasks/{id}/assign con userId null | D77: Desasignar una tarea (quitar usuario asignado) | E77: Existe una tarea con un usuario asignado. | F77: 1 | G77: Editar una tarea que tiene un usuario asignado. | H77: — | I77: El formulario muestra el usuario actualmente asignado. | J77: Baja | K77: Funcional | L77: Pendiente
F78: 2 | G78: Quitar el usuario asignado (dejar sin asignar) y guardar. | H78: AssignedUserId: null | I78: La tarea deja de mostrar la insignia de usuario asignado y el cambio persiste tras recargar.
A79: TC-UCYA-006 | B79: Usuarios — Catálogo y asignación | C79: Reglas de negocio de la asignación (404) | D79: Asignar una tarea a un usuario inexistente | E79: Se conoce un Id de usuario que no existe. | F79: 1 | G79: Intentar asignar una tarea a un Id de usuario inexistente (vía API si la UI no lo permite). | H79: UserId inexistente, p. ej. 999999 | I79: La API responde 404 Not Found. | J79: Baja | K79: Negativo | L79: Pendiente
F80: 2 | G80: Comprobar el estado de la tarea. | H80: — | I80: La tarea no queda asignada a un usuario inválido; conserva su asignación anterior.
A81: TC-UCYA-007 | B81: Usuarios — Catálogo y asignación | C81: ON DELETE SET NULL | D81: Eliminar un usuario que tiene tareas asignadas | E81: Existe un usuario con al menos una tarea asignada. | F81: 1 | G81: Comprobar que el usuario tiene al menos una tarea asignada. | H81: — | I81: La tarea muestra la insignia del usuario antes de eliminarlo. | J81: Media | K81: Funcional | L81: Pendiente
F82: 2 | G82: Eliminar el usuario desde el gestor de usuarios. | H82: — | I82: El usuario se elimina del catálogo.
F83: 3 | G83: Comprobar las tareas que tenía asignadas. | H83: — | I83: Las tareas pasan a estar sin asignar; no se eliminan las tareas.
A84: Transversal — UX y accesibilidad
A85: TC-TUYA-001 | B85: Transversal — UX y accesibilidad | C85: Requisitos no funcionales — Usabilidad | D85: Estado de carga inicial de la lista de tareas | E85: La aplicación se abre por primera vez en la sesión. | F85: 1 | G85: Cargar la aplicación con la red ralentizada (throttling) o justo al arrancar. | H85: — | I85: Se muestra un indicador de carga claro mientras se obtienen las tareas, sin contenido roto ni parpadeos. | J85: Baja | K85: Transversal | L85: Pendiente
F86: 2 | G86: Esperar a que termine la carga. | H86: — | I86: El indicador de carga desaparece y se muestra la lista de tareas completa.
A87: TC-TUYA-002 | B87: Transversal — UX y accesibilidad | C87: Requisitos no funcionales — Usabilidad | D87: Estado de error al fallar la API | E87: El backend no está disponible o responde con error. | F87: 1 | G87: Detener temporalmente el backend o simular un error de red. | H87: — | I87: Las siguientes peticiones a la API fallan. | J87: Media | K87: Transversal | L87: Pendiente
F88: 2 | G88: Intentar cargar o guardar una tarea. | H88: — | I88: La interfaz muestra un mensaje de error comprensible en vez de quedarse en blanco o romperse.
A89: TC-TUYA-003 | B89: Transversal — UX y accesibilidad | C89: Requisitos no funcionales — Usabilidad | D89: Estado vacío sin tareas | E89: No existe ninguna tarea creada (o los filtros no devuelven resultados). | F89: 1 | G89: Eliminar todas las tareas o aplicar un filtro sin coincidencias. | H89: — | I89: La lista queda sin elementos que mostrar. | J89: Baja | K89: Transversal | L89: Pendiente
F90: 2 | G90: Observar el área de la lista. | H90: — | I90: Se muestra un mensaje de estado vacío útil, con indicación de cómo crear la primera tarea o limpiar el filtro.
A91: TC-TUYA-004 | B91: Transversal — UX y accesibilidad | C91: Accesibilidad básica — copilot-instructions | D91: Navegación completa por teclado | E91: La aplicación está abierta con al menos una tarea. | F91: 1 | G91: Sin usar el ratón, recorrer con Tab el formulario de alta, los filtros y las acciones de una tarea. | H91: — | I91: Todos los controles son alcanzables por teclado, con foco visible en cada elemento. | J91: Media | K91: Transversal | L91: Pendiente
F92: 2 | G92: Ejecutar una acción (p. ej. completar) usando solo el teclado. | H92: — | I92: La acción se ejecuta correctamente igual que con el ratón.
A93: TC-TUYA-005 | B93: Transversal — UX y accesibilidad | C93: Accesibilidad básica — copilot-instructions | D93: Nombre accesible en botones iconográficos | E93: La aplicación está abierta con al menos una tarea. | F93: 1 | G93: Inspeccionar con un lector de pantalla o el árbol de accesibilidad los botones de icono (editar, eliminar, completar). | H93: — | I93: Cada botón iconográfico expone un nombre accesible (aria-label o texto oculto) coherente con su acción. | J93: Baja | K93: Transversal | L93: Pendiente
F94: 2 | G94: Pasar el ratón sobre cada botón sin pulsarlo. | H94: — | I94: Se muestra un tooltip visual coherente con la acción del botón.
A95: TC-TUYA-006 | B95: Transversal — UX y accesibilidad | C95: Requisitos no funcionales — Usabilidad | D95: Comportamiento responsive en pantalla estrecha | E95: La aplicación está abierta. | F95: 1 | G95: Reducir el ancho de la ventana/viewport a un tamaño de móvil. | H95: Viewport: ~375px de ancho | I95: El formulario y la lista se apilan en una columna. | J95: Media | K95: Transversal | L95: Pendiente
F96: 2 | G96: Repetir las acciones de crear, filtrar y completar una tarea en ese ancho. | H96: — | I96: Los controles siguen siendo usables y accesibles por teclado, sin overflow horizontal.
